{"Adult": {"precision": 0.9047619047619048, "recall": 0.7933194154488518, "f1-score": 0.8453837597330367, "support": 479.0}, "Senior": {"precision": 0.34, "recall": 0.5604395604395604, "f1-score": 0.42323651452282157, "support": 91.0}, "accuracy": 0.756140350877193, "macro avg": {"precision": 0.6223809523809524, "recall": 0.6768794879442062, "f1-score": 0.6343101371279292, "support": 570.0}, "weighted avg": {"precision": 0.8145981620718463, "recall": 0.756140350877193, "f1-score": 0.7779883223398268, "support": 570.0}}