,precision,recall,f1-score,support
Adult,0.9153439153439153,0.7223382045929019,0.8074679113185531,479.0
Senior,0.3072916666666667,0.6483516483516484,0.4169611307420495,91.0
accuracy,0.7105263157894737,0.7105263157894737,0.7105263157894737,0.7105263157894737
macro avg,0.611317791005291,0.6853449264722751,0.6122145210303013,570.0
weighted avg,0.8182689072217582,0.7105263157894737,0.7451238463493218,570.0
